"Time (s)","Linear Acceleration x (m/s^2)","Linear Acceleration y (m/s^2)","Linear Acceleration z (m/s^2)","Absolute acceleration (m/s^2)"
1.405416697E-4,3.261996429E-1,2.334992015E-1,5.596487411E-1,6.885744677E-1
1.011854166E-2,1.378637138E-1,2.378033370E-1,4.105628318E-1,4.940836665E-1
2.009754165E-2,4.894424653E-2,2.159405977E-1,1.271132058E-1,2.553108851E-1
3.007554167E-2,3.432571404E-2,1.728852099E-1,6.726673432E-3,1.763882042E-1
4.005454166E-2,2.559353700E-2,1.009387296E-1,1.142107397E-1,1.545566218E-1
5.003254165E-2,1.539581018E-2,1.024057961E-1,3.082581560E-1,3.251877439E-1
6.001054167E-2,-1.146459918E-2,1.344181323E-1,4.251908112E-1,4.460794741E-1
6.998887501E-2,4.268921499E-2,1.637115133E-1,4.278933577E-1,4.601266719E-1
7.996687500E-2,8.743789243E-2,1.327966994E-1,4.621013600E-1,4.886901015E-1
8.994587499E-2,1.053542911E-1,8.945655227E-2,3.892970932E-1,4.131031689E-1
9.992387501E-2,9.319538073E-2,4.723790109E-2,2.104886538E-1,2.349941949E-1
1.099018750E-1,6.717756428E-2,4.573516667E-2,-2.071960866E-2,8.386794856E-2
1.198808750E-1,8.259279817E-2,1.795387566E-2,-1.906333001E-1,2.085304944E-1
1.298588750E-1,1.063766219E-1,-4.116732180E-2,-2.384290073E-1,2.643087695E-1
1.398378750E-1,1.832868218E-1,-7.071856499E-2,-2.232390922E-1,2.973732785E-1
1.498158750E-1,1.906898354E-1,-1.316401201E-1,-1.876681405E-1,2.981795860E-1
1.597948750E-1,1.830327238E-1,-1.558546096E-1,-1.060205082E-1,2.627393870E-1
1.697728750E-1,1.905281782E-1,-1.719601804E-1,-5.240969025E-2,2.619505029E-1
1.797508750E-1,8.207806047E-2,-2.004606789E-1,-6.514266014E-2,2.261965030E-1
1.897298750E-1,-1.637377527E-2,-1.834207231E-1,-7.333691161E-2,1.982159549E-1
1.997078750E-1,-4.063973850E-2,-1.745727164E-1,-8.465829056E-2,1.982277675E-1
2.096868750E-1,3.933980196E-2,-1.692868334E-1,-2.452026229E-2,1.755189313E-1
2.196648750E-1,6.220748579E-2,-1.520071417E-1,4.613509795E-2,1.706000870E-1
2.296428750E-1,2.971453582E-2,-1.296397877E-1,1.296445020E-1,1.857340170E-1
2.396218750E-1,1.634728921E-2,-1.072940683E-1,1.541712328E-1,1.885418255E-1
2.495998750E-1,-1.543153301E-2,-1.110152364E-1,1.137300986E-1,1.596779579E-1
2.595788750E-1,-5.583470595E-2,-9.738069892E-2,4.262682337E-2,1.200731485E-1
2.695568750E-1,-6.622662429E-2,-7.642252386E-2,-3.960666340E-2,1.086050446E-1
2.795348750E-1,-5.611634988E-2,-6.668807924E-2,-5.922410846E-2,1.053747582E-1
2.895138750E-1,2.610096568E-2,-5.965446353E-2,6.125543118E-3,6.540212311E-2
2.994918750E-1,7.485921593E-2,-5.113799393E-2,4.770980794E-2,1.024461927E-1
3.094708750E-1,1.090023689E-1,-3.889684796E-2,4.675788123E-2,1.248229974E-1
3.194488750E-1,1.574200371E-1,-1.183885753E-2,4.007451374E-2,1.628717081E-1
3.294278750E-1,1.653889150E-1,-1.988638043E-3,3.309990009E-2,1.686803227E-1
3.394058750E-1,1.915154622E-1,9.519267082E-3,2.507868966E-2,1.933849255E-1
3.493838750E-1,1.704182879E-1,2.582305849E-2,7.342235405E-2,1.873501142E-1
3.593628750E-1,1.168488938E-1,2.325846970E-2,9.396884859E-2,1.517391344E-1
3.693408750E-1,8.120138012E-2,3.132470369E-2,4.769807696E-2,9.924720520E-2
3.793198750E-1,1.241610928E-1,6.812649429E-2,6.388145227E-2,1.553642048E-1
3.892978750E-1,1.174471371E-1,4.264198959E-2,1.137762916E-1,1.689887979E-1
3.992758750E-1,1.300880498E-1,2.133941352E-2,1.110883266E-1,1.723916691E-1
4.092548750E-1,1.306712913E-1,1.830412388E-2,6.716407914E-2,1.480575593E-1
4.192328750E-1,1.468114703E-1,6.009183526E-3,4.490957636E-2,1.536443561E-1
4.292118750E-1,1.440895366E-1,5.113390088E-3,6.213287897E-3,1.443140543E-1
4.391898750E-1,1.099195230E-1,-1.328370452E-2,-4.636843840E-2,1.200366212E-1
4.491678750E-1,9.816320255E-2,-2.388236761E-2,-5.894932587E-2,1.169675375E-1
4.591468750E-1,1.115254425E-1,-4.568254173E-2,-5.592688182E-2,1.328632193E-1
4.691248750E-1,8.356480641E-2,-5.368504107E-2,-6.296574175E-2,1.176003620E-1
4.791038750E-1,4.343388531E-2,-2.829175293E-2,-6.504033387E-2,8.316952992E-2
4.890818750E-1,8.182257369E-2,-1.395262599E-2,-4.508967061E-2,9.445997953E-2
4.990608750E-1,8.867731942E-2,-5.889315605E-3,-4.960796032E-3,8.901101345E-2
5.090388750E-1,8.414326049E-2,-1.295041323E-2,9.033948183E-3,8.561199512E-2
5.190168750E-1,5.996648557E-2,-3.858577609E-3,2.747606635E-3,6.015328217E-2
5.289958750E-1,1.023125695E-2,-2.039157987E-2,-1.157865644E-2,2.558437869E-2
5.389738750E-1,2.315331118E-2,-1.299777567E-2,-7.486774921E-3,2.758749336E-2
5.489528750E-1,5.346153125E-2,-3.777301311E-4,-2.435540736E-2,5.874916060E-2
5.589308750E-1,6.995360300E-2,3.248713017E-3,-5.987844843E-2,9.213842464E-2
5.689088750E-1,1.078266035E-1,1.356554031E-4,-5.356634259E-2,1.203991191E-1
5.788878750E-1,1.081042914E-1,-4.033994079E-3,-1.749486923E-3,1.081936765E-1
5.888658750E-1,1.104566628E-1,-1.750071645E-2,5.056558806E-2,1.227347878E-1
5.988448750E-1,1.010651940E-1,-4.116498291E-2,8.686451811E-2,1.394782196E-1
6.088228750E-1,2.002249631E-1,-2.052080333E-2,1.280282950E-1,2.385422049E-1
6.188008750E-1,2.217745109E-1,1.944783926E-3,1.312653136E-1,2.577174779E-1
6.287798750E-1,1.711813495E-1,-2.661243260E-2,1.098645409E-1,2.051377424E-1
6.387578750E-1,1.461918665E-1,-1.877891779E-2,8.099274416E-2,1.681800648E-1
6.487368750E-1,1.597624683E-1,6.122034788E-3,6.746287186E-2,1.735302990E-1
6.587148750E-1,1.404992914E-1,1.065070331E-2,8.530093610E-2,1.647110745E-1
6.686938750E-1,1.157962488E-1,-7.447598577E-3,9.620891690E-2,1.507328553E-1
6.786718750E-1,1.132514675E-1,-1.868185401E-2,5.602155190E-2,1.277236111E-1
6.886498750E-1,9.836717902E-2,-1.136991084E-2,3.287889361E-3,9.907667231E-2
6.986288750E-1,6.588964194E-2,-2.891389668E-2,-4.476277471E-2,8.474175084E-2
7.086068750E-1,3.566302707E-2,-6.261549354E-2,-1.150924633E-1,1.357896411E-1
7.185858750E-1,4.959138712E-2,-6.890943646E-2,-1.535361886E-1,1.754456535E-1
7.285638750E-1,7.388960140E-2,-4.465343177E-2,-1.559984511E-1,1.782950333E-1
7.385418750E-1,7.655012107E-2,-3.865594268E-2,-1.028659719E-1,1.339239005E-1
7.485208750E-1,9.182904175E-2,-2.264275789E-2,-6.214534085E-2,1.131693898E-1
7.584988750E-1,1.111649068E-1,1.057527423E-2,-5.966085892E-2,1.266052567E-1
7.684778750E-1,1.329081437E-1,3.374428153E-3,-3.780751169E-2,1.382221739E-1
7.784558750E-1,1.555691558E-1,-1.654294252E-2,-2.312628608E-2,1.581463130E-1
7.884338750E-1,1.658150126E-1,-2.910802424E-2,-2.280706465E-2,1.698883682E-1
7.984128750E-1,1.629021307E-1,-2.293804228E-2,-3.136274714E-2,1.674720272E-1
8.083908750E-1,1.749419680E-1,-1.540098131E-2,-9.894676600E-3,1.758970921E-1
8.183698750E-1,1.779147473E-1,6.841242313E-5,7.720663548E-3,1.780822019E-1
8.283478750E-1,1.752250464E-1,-1.546003819E-3,2.265152872E-2,1.766898377E-1
8.383258750E-1,2.004643334E-1,-2.009278715E-2,2.495006919E-2,2.030078201E-1
8.483048750E-1,1.654449569E-1,-2.756494403E-2,1.881403763E-2,1.687774509E-1
8.582828750E-1,1.693337573E-1,-3.667549074E-2,3.986635286E-2,1.777873423E-1
8.682618750E-1,1.353239391E-1,-2.541960061E-2,4.153160334E-2,1.438179358E-1
8.782398750E-1,1.046829576E-1,-1.026478708E-2,4.895990610E-2,1.160213768E-1
8.882188750E-1,1.258823121E-1,-2.550438523E-2,5.505911848E-2,1.397438252E-1
8.981968750E-1,1.500939145E-1,-3.745843291E-2,3.088733196E-2,1.577508942E-1
9.081748750E-1,1.375190204E-1,-4.358222187E-2,1.351119775E-2,1.448911436E-1
9.181538750E-1,1.131401876E-1,-6.109170914E-2,-2.918111444E-2,1.318500528E-1
9.281318750E-1,1.160457056E-1,-2.709190428E-2,-6.459415477E-2,1.355469731E-1
9.381108750E-1,8.589978235E-2,-4.366934538E-2,-5.422590852E-2,1.105722998E-1
9.480888750E-1,6.865064235E-2,-3.584284723E-2,-5.899255872E-3,7.766866558E-2
9.580668750E-1,7.813277962E-2,-8.110672832E-3,3.615274966E-2,8.647274468E-2
9.680458750E-1,6.610416166E-2,-2.305323243E-2,8.071554959E-2,1.068466736E-1
9.780238750E-1,9.827219831E-2,-9.865422249E-3,1.164970011E-1,1.527295085E-1
9.880028750E-1,1.373033861E-1,6.906146407E-3,1.136961665E-1,1.784004847E-1
9.979808750E-1,1.102053239E-1,1.558750749E-2,1.256391227E-1,1.678492567E-1
1.007958875E0,1.054974748E-1,3.924651146E-2,7.942799270E-2,1.377636087E-1
1.017937875E0,7.649630841E-2,3.926229894E-2,4.680811247E-2,9.789899239E-2
1.027915875E0,6.483683249E-2,2.520500779E-2,3.440033913E-2,7.760470731E-2
1.037894875E0,6.395070523E-2,7.393804193E-3,4.342547994E-2,7.765393324E-2
1.047872875E0,7.629351966E-2,-1.553020477E-2,4.761910301E-2,9.126591573E-2
1.057851875E0,6.706754526E-2,-3.727950811E-2,6.591390789E-2,1.011556257E-1
1.067830250E0,4.587822245E-2,-3.239532888E-2,7.088583190E-2,9.043820981E-2
1.077808250E0,5.755514866E-2,-8.652709723E-3,6.050059218E-2,8.395109396E-2
1.087787250E0,7.937542258E-2,-7.369245887E-3,5.337809879E-2,9.593740108E-2
1.097765250E0,1.063725654E-1,-3.243158162E-2,4.691455007E-2,1.206975773E-1
1.107744250E0,7.931192547E-2,-7.185994148E-2,-2.014829915E-2,1.089044842E-1
1.117722250E0,5.280136233E-2,-8.911682904E-2,-7.101322811E-2,1.255892975E-1
1.127700250E0,1.792226415E-2,-9.497047663E-2,-1.247140567E-1,1.577789432E-1
1.137679250E0,-4.590886552E-3,-9.182116628E-2,-9.060377598E-2,1.290784530E-1
1.147657250E0,5.680294091E-2,-8.402624309E-2,-2.338535428E-2,1.040858224E-1
1.157636250E0,1.096815961E-1,-9.899394572E-2,5.117190778E-2,1.563598988E-1
1.167614250E0,1.424225137E-1,-1.244480449E-1,4.660815597E-2,1.947917054E-1
1.177592250E0,1.419851054E-1,-1.329943353E-1,-2.658107691E-3,1.945618897E-1
1.187571250E0,1.056370040E-1,-1.060538739E-1,-1.044231037E-1,1.825124252E-1
1.197549250E0,6.188484740E-2,-8.791873455E-2,-1.281961101E-1,1.673131222E-1
1.207528250E0,4.141882516E-2,-4.070890009E-2,-1.036190933E-1,1.187840483E-1
1.217506250E0,4.270150328E-2,-2.011032879E-2,-6.481112301E-2,8.017683813E-2
1.227484250E0,6.685582124E-2,1.637863576E-2,1.237508375E-2,6.993642285E-2
1.237463250E0,7.042296996E-2,1.408477306E-2,9.222524542E-2,1.168899971E-1
1.247441250E0,6.691281332E-2,1.430579782E-2,1.437497038E-1,1.592041387E-1
1.257420250E0,6.017599862E-2,-8.263869882E-3,1.456956571E-1,1.578501405E-1
1.267398250E0,7.459311280E-2,-2.771521747E-2,9.981546124E-2,1.276534060E-1
1.277376250E0,2.933372676E-2,-1.977352917E-2,2.268483957E-2,4.202453960E-2
1.287355250E0,-1.627866665E-2,-1.499226093E-3,-1.061329940E-2,1.949063342E-2
1.297333250E0,-2.106804790E-2,2.500854135E-2,-5.639073048E-3,3.318266004E-2
1.307312250E0,-1.617674237E-2,3.099725962E-2,4.431602916E-2,5.644845027E-2
1.317290250E0,2.137657989E-2,2.888173699E-2,6.602500498E-2,7.516923694E-2
1.327269250E0,4.098041190E-2,7.878538370E-3,1.009948629E-1,1.092768405E-1
1.337247250E0,9.006089855E-2,2.052840471E-2,1.046511269E-1,1.395859563E-1
1.347225250E0,1.198834891E-1,-1.105708480E-3,3.826067090E-2,1.258457488E-1
1.357204250E0,9.624284903E-2,-2.092660010E-2,-8.241533518E-2,1.284246707E-1
1.367182250E0,8.694890074E-2,-1.108456671E-2,-1.141832578E-1,1.439471963E-1
1.377161250E0,5.900005046E-2,1.044897437E-2,-9.293330669E-2,1.105748005E-1
1.387139250E0,7.028230788E-2,5.032698512E-3,-6.614370346E-3,7.077203368E-2
1.397117250E0,7.818754245E-2,-7.596702576E-3,4.784542680E-2,9.197927239E-2
1.407096250E0,6.348298280E-2,-3.881440222E-2,6.934388459E-2,1.017114608E-1
1.417074250E0,5.862897154E-2,-3.727015257E-2,3.465465646E-2,7.763611138E-2
1.427053250E0,4.888791226E-2,-4.351147056E-2,-6.786278486E-3,6.579764138E-2
1.437031250E0,6.862288635E-2,-4.988435090E-2,-5.033926427E-2,9.864882424E-2
1.447009250E0,1.078480920E-1,-3.423603237E-2,-5.490307091E-2,1.257682951E-1
1.456988250E0,1.490128739E-1,-1.976943612E-2,-1.957591156E-2,1.515878739E-1
1.466966250E0,1.716389855E-1,-1.741768599E-2,-3.794477507E-4,1.725209005E-1
1.476945250E0,1.588528791E-1,-1.131845534E-2,1.693821430E-2,1.601538252E-1
1.486923250E0,1.399889757E-1,-4.728526354E-2,7.721832991E-3,1.479609278E-1
1.496901250E0,9.225227052E-2,-6.184307635E-2,-3.380330186E-2,1.160935430E-1
1.506880250E0,8.856298808E-2,-5.543452799E-2,-3.173517823E-2,1.091948318E-1
1.516858250E0,7.067898665E-2,-4.288581848E-2,-2.669082183E-2,8.687411899E-2
1.526837250E0,8.516200991E-2,-2.570319057E-2,9.425711632E-4,8.896128584E-2
1.536815250E0,1.038474271E-1,-1.976534307E-2,6.274943132E-2,1.229326971E-1
1.546794250E0,1.174295589E-1,-1.594652653E-2,7.466134250E-2,1.400653743E-1
1.556772250E0,9.633055726E-2,-2.935653090E-2,7.403159738E-3,1.009761801E-1
1.566750250E0,7.851928057E-2,-2.914603114E-2,-4.972998440E-2,9.740554348E-2
1.576729250E0,4.923425015E-2,-3.596037626E-2,-1.201702219E-1,1.347517803E-1
1.586707250E0,5.306355514E-2,-3.197608352E-2,-1.642676018E-1,1.755621138E-1
1.596686250E0,8.667018956E-2,-3.799813092E-2,-1.484842308E-1,1.760771039E-1
1.606664250E0,1.087087839E-1,-3.981544554E-2,-1.030226773E-1,1.549727119E-1
1.616642250E0,1.106021123E-1,-3.205034316E-2,-2.321520030E-2,1.174691333E-1
1.626621250E0,1.148707259E-1,2.347072363E-3,5.367568552E-2,1.268143195E-1
1.636599250E0,1.162049144E-1,1.726565838E-2,7.634062629E-2,1.401055898E-1
1.646578250E0,1.179576903E-1,2.233051658E-3,6.788675845E-2,1.361161827E-1
1.656556250E0,1.389632278E-1,2.102074027E-2,5.350377738E-2,1.503838569E-1
1.666534250E0,1.389358738E-1,1.900111198E-2,1.458001396E-2,1.409850918E-1
1.676513250E0,9.903849419E-2,-1.908589661E-2,-4.476631958E-2,1.103490741E-1
1.686491250E0,8.692012148E-2,-1.180669785E-2,-5.304827929E-2,1.025115875E-1
1.696470250E0,1.071493680E-1,-5.422707796E-3,-2.978982786E-2,1.113455283E-1
1.706448250E0,1.317147270E-1,-3.973183036E-3,-3.381444812E-2,1.360440090E-1
1.716426250E0,1.270875877E-1,-2.616862893E-2,-4.863184076E-2,1.385680628E-1
1.726405250E0,1.266815351E-1,-2.487171650E-2,-4.446339726E-2,1.365423279E-1
1.736383250E0,1.386508952E-1,-2.596982360E-2,-4.806413094E-2,1.490257131E-1
1.746362250E0,1.461117962E-1,-3.096393049E-2,-2.571197966E-2,1.515537128E-1
1.756340250E0,1.544213474E-1,-4.045746982E-2,4.630994797E-3,1.597003617E-1
1.766318250E0,1.608479125E-1,-4.515980065E-2,3.069612801E-2,1.698638008E-1
1.776297250E0,2.009281273E-1,-5.269569218E-2,3.971428871E-2,2.114856332E-1
1.786275250E0,1.857990415E-1,-5.033575594E-2,-1.260016501E-2,1.929086217E-1
1.796254250E0,1.346575941E-1,-3.657491863E-2,-5.297869742E-2,1.492552669E-1
1.806232250E0,1.138244398E-1,-6.336159825E-2,-7.256160736E-2,1.491170080E-1
1.816211250E0,9.908757426E-2,-6.678748190E-2,-6.618055919E-2,1.365971505E-1
1.826189250E0,1.165378767E-1,-6.513739765E-2,-3.612526774E-2,1.383076001E-1
1.836167250E0,1.146202458E-1,-8.445542872E-2,-3.529498139E-2,1.466842047E-1
1.846146250E0,1.341981491E-1,-7.833690226E-2,-3.904830912E-2,1.602204229E-1
1.856124250E0,1.722694433E-1,-7.955721617E-2,-3.459212780E-2,1.928800846E-1
1.866103250E0,1.569087164E-1,-5.277287543E-2,-4.029140890E-2,1.703781656E-1
1.876081250E0,9.470409941E-2,-2.597567081E-2,-5.425571105E-2,1.121930662E-1
1.886059250E0,6.662631802E-2,-3.180066705E-2,-2.540379485E-2,7.807497340E-2
1.896038250E0,6.835780649E-2,-4.240342319E-2,-2.631833592E-2,8.463743150E-2
1.906016250E0,7.017241677E-2,-7.081212044E-2,-4.869619668E-2,1.109497366E-1
1.915995250E0,7.478649119E-2,-7.196636081E-2,-6.517947933E-2,1.225583162E-1
1.925973250E0,1.160352903E-1,-8.718666315E-2,-6.062042356E-2,1.572912540E-1
1.935951250E0,1.112399339E-1,-6.738038957E-2,-5.738398969E-2,1.421526013E-1
1.945930250E0,7.537104830E-2,-2.871918440E-2,-4.513758123E-2,9.242828417E-2
1.955908250E0,3.942030167E-2,1.686336994E-3,2.290352544E-2,4.562209326E-2
1.965887250E0,3.196427945E-2,3.028857708E-3,8.063836634E-2,8.679536431E-2
1.975865250E0,5.175324893E-2,1.362927496E-2,1.028028403E-1,1.158990072E-1
1.985843250E0,8.128793718E-2,9.556104541E-3,9.493948638E-2,1.253497265E-1
1.995822250E0,1.242565669E-1,1.118221521E-2,4.268175066E-2,1.318577574E-1
2.005800250E0,1.248711275E-1,1.565650463E-2,-1.117052078E-2,1.263435996E-1
2.015779250E0,9.656514024E-2,8.902385831E-3,-2.761755070E-2,1.008305901E-1
2.025757250E0,8.598398225E-2,-1.791469932E-2,-2.541377166E-2,9.143326225E-2
2.035735250E0,7.815730138E-2,6.151270866E-4,-4.140532175E-2,8.844966257E-2
2.045714250E0,4.949308081E-2,-2.592655420E-2,-4.563402811E-2,7.214025078E-2
2.055692250E0,6.641929004E-2,-2.597508609E-2,-2.000566363E-2,7.407059987E-2
2.065671125E0,1.077769753E-1,-4.967151225E-2,2.668687496E-3,1.187023901E-1
2.075649125E0,1.736618481E-1,-7.724113405E-2,-1.157047033E-2,1.904166643E-1
2.085628125E0,1.751227201E-1,-7.261306286E-2,-3.635562977E-2,1.930345974E-1
2.095606125E0,1.538354381E-1,-1.013439417E-1,-7.012331843E-2,1.971121922E-1
2.105584125E0,1.289263543E-1,-1.111965001E-1,-7.921283344E-2,1.877800294E-1
2.115563125E0,1.051494741E-1,-9.066341758E-2,-9.998757038E-3,1.391985716E-1
2.125541125E0,9.722333573E-2,-5.547955155E-2,1.055118553E-1,1.538281810E-1
2.135520125E0,1.365503378E-1,-4.425816000E-2,1.301216165E-1,1.937431665E-1
2.145498125E0,1.293805002E-1,-7.314983726E-2,9.331162155E-2,1.754915133E-1
2.155476125E0,8.467457140E-2,-8.480216861E-2,3.218660155E-2,1.240853261E-1
2.165455125E0,5.277983727E-2,-8.954309106E-2,-4.998024523E-2,1.153330017E-1
2.175433125E0,3.781955330E-2,-8.752521694E-2,-8.253869316E-2,1.261095479E-1
2.185412125E0,1.983589338E-2,-6.843405783E-2,-1.113888735E-1,1.322276978E-1
2.195390125E0,2.972940054E-2,-4.275834918E-2,-1.088002928E-1,1.206217949E-1
2.205368125E0,7.059708908E-2,-4.827461243E-3,-5.373063108E-2,8.884950245E-2
2.215347125E0,1.091230043E-1,2.813387811E-2,4.438798646E-2,1.211182831E-1
2.225325125E0,1.003698321E-1,3.411031723E-2,7.775282023E-2,1.314652730E-1
2.235304125E0,9.905493949E-2,4.755189657E-2,6.392645756E-2,1.271206351E-1
2.245282125E0,1.072950185E-1,5.740737855E-2,3.876994511E-2,1.277142778E-1
2.255260125E0,8.506366706E-2,5.215657890E-2,3.148491740E-2,1.046299967E-1
2.265239125E0,5.207409661E-2,4.182747245E-2,4.115855098E-3,6.691927415E-2
2.275217125E0,3.506842006E-2,1.548693538E-2,-1.334626973E-2,4.059263688E-2
2.285196125E0,2.477127230E-2,-1.625467479E-2,-2.038343031E-2,3.596268365E-2
2.295174125E0,3.863244418E-2,-3.663046718E-2,-2.411101202E-2,5.844311567E-2
2.305152125E0,7.574196277E-2,-3.725904286E-2,-5.353125930E-3,8.457976801E-2
2.315131125E0,9.708567034E-2,-3.760695219E-2,3.107151926E-2,1.086524254E-1
2.325109125E0,1.140977606E-1,-4.739636064E-2,5.339268029E-2,1.345938047E-1
2.335088125E0,1.429044157E-1,-2.050910890E-2,8.696505368E-2,1.685384707E-1
2.345066125E0,1.355323375E-1,-1.725805700E-2,5.663377365E-2,1.478994231E-1
2.355044125E0,1.007907951E-1,-3.180592954E-2,2.908405066E-3,1.057301298E-1
2.365023125E0,8.836610137E-2,-5.682558060E-2,-4.599361360E-2,1.146870829E-1
2.375001125E0,7.341782246E-2,-8.797019005E-2,-9.085520625E-2,1.462313219E-1
2.384980125E0,1.079809335E-1,-8.077636063E-2,-1.524287077E-1,2.035171083E-1
2.394958125E0,1.302244179E-1,-7.236572564E-2,-1.387842482E-1,2.036081158E-1
2.404936125E0,1.444425988E-1,-6.393813372E-2,-7.645583471E-2,1.754914356E-1
2.414915125E0,1.084253401E-1,-5.056379735E-2,-1.174881041E-2,1.202114243E-1
2.424893125E0,9.226736365E-2,-1.803164363E-2,7.756508807E-2,1.218800618E-1
2.434872125E0,8.489570579E-2,-2.189489901E-2,1.353478396E-1,1.612628449E-1
2.444850125E0,1.161166214E-1,-4.388510764E-2,1.387345652E-1,1.861618973E-1
2.454828125E0,1.256363088E-1,-5.091112196E-2,6.574084857E-2,1.506594955E-1
2.464807125E0,9.937646326E-2,-5.060063481E-2,-1.615233025E-2,1.126809809E-1
2.474785125E0,8.706783677E-2,-3.396530628E-2,-1.037716874E-1,1.396531895E-1
2.484764125E0,3.339851009E-2,-1.492501795E-2,-1.677577865E-1,1.717000046E-1
2.494742125E0,1.815118264E-2,-6.677520275E-4,-1.469118963E-1,1.480304583E-1
2.504720125E0,4.011573661E-2,1.627923310E-2,-6.605131745E-2,7.897507386E-2
2.514699125E0,3.779833887E-2,2.047870338E-2,5.829321345E-2,7.243059055E-2
2.524677125E0,9.117334960E-2,3.452897787E-2,1.599874216E-1,1.873520885E-1
2.534656125E0,1.335061859E-1,1.353279591E-2,1.538109895E-1,2.041197167E-1
2.544634125E0,1.421255483E-1,1.019169688E-2,1.056351950E-1,1.773762571E-1
2.554612125E0,1.161740520E-1,4.008266330E-3,7.787732938E-2,1.399191016E-1
2.564591125E0,1.264638359E-1,2.118387759E-2,3.444417497E-2,1.327714565E-1
2.574569125E0,1.245726454E-1,1.846550703E-3,-1.438981500E-3,1.245946403E-1
2.584548125E0,1.125500391E-1,-8.950332999E-3,-1.461394608E-2,1.138472098E-1
2.594526125E0,1.098127930E-1,-2.273105085E-2,7.986693587E-3,1.124248080E-1
2.604505125E0,1.055496795E-1,-3.546160877E-2,1.268317720E-2,1.120674953E-1
2.614483125E0,9.054292839E-2,-4.805066407E-2,2.291993419E-2,1.050343353E-1
2.624461125E0,3.869020371E-2,-7.068991363E-2,1.836261431E-2,8.265096101E-2
2.634440125E0,4.480460057E-2,-7.762588084E-2,2.023957053E-2,9.188509032E-2
2.644418125E0,7.096299687E-2,-7.873217404E-2,2.716499448E-2,1.094186414E-1
2.654397125E0,1.070059285E-1,-7.189794838E-2,8.280826807E-3,1.291826452E-1
2.664375125E0,1.517837963E-1,-3.107502759E-2,4.750804245E-2,1.620524368E-1
2.674353125E0,2.035333542E-1,-2.466472507E-2,8.471915642E-2,2.218366751E-1
2.684332125E0,1.892717394E-1,-2.827421129E-2,7.074564490E-3,1.915026679E-1
2.694310125E0,6.593550604E-2,-6.091336906E-2,-1.487825850E-2,9.099061525E-2
2.704289125E0,7.761886418E-2,-1.043119884E-1,-3.606385371E-2,1.349306508E-1
2.714267125E0,1.725948408E-1,-1.114695650E-1,-3.709649026E-2,2.087836023E-1
2.724245125E0,1.644684902E-1,-1.034875309E-1,-4.659878215E-2,1.998274251E-1
2.734224125E0,1.210036877E-1,-9.219538808E-2,-9.807299098E-2,1.809977723E-1
2.744202125E0,7.878021257E-2,-6.907783628E-2,-8.596868813E-2,1.355311208E-1
2.754181125E0,5.624067631E-2,-1.783693135E-2,-1.487065712E-2,6.084657948E-2
2.764159125E0,5.789470743E-2,3.591359854E-3,1.908646306E-2,6.106544102E-2
2.774137125E0,8.963951530E-2,1.805620193E-3,5.077197650E-2,1.030354141E-1
2.784116125E0,1.100605322E-1,-7.011981010E-3,2.958691120E-4,1.102840704E-1
2.794094125E0,7.312491350E-2,5.429139733E-3,-3.307362417E-2,8.043999719E-2
2.804073125E0,1.170770083E-1,2.176158249E-2,2.105408767E-2,1.209291816E-1
2.814051125E0,1.408063433E-1,4.859036207E-3,9.225269079E-2,1.684060436E-1
2.824029125E0,1.249852944E-1,2.280414104E-4,1.011433822E-1,1.607835799E-1
2.834008125E0,9.758219032E-2,-1.040336609E-2,4.432481825E-2,1.076810262E-1
2.843986125E0,5.225967262E-2,-2.239249706E-2,-6.541298423E-3,5.723011351E-2
2.853965125E0,3.742961710E-2,-4.665961146E-2,-2.107804298E-2,6.342223171E-2
2.863943125E0,6.349074863E-2,-4.606845796E-2,-5.862184525E-2,9.792802827E-2
2.873921125E0,8.887998026E-2,-4.082058191E-2,-7.155765871E-2,1.211877441E-1
2.883900125E0,7.532092670E-2,-5.457615674E-2,-7.966772854E-2,1.224693670E-1
2.893878125E0,7.970076531E-2,-5.231386900E-2,-4.939027945E-2,1.073701662E-1
2.903857125E0,7.061095795E-2,-7.670611382E-2,-5.284830451E-2,1.168874611E-1
2.913835125E0,7.594592096E-2,-7.909937918E-2,-7.169214467E-2,1.310124357E-1
2.923813125E0,1.147687103E-1,-7.654473066E-2,-9.290756067E-2,1.663212779E-1
2.933792125E0,1.272692716E-1,-3.012836337E-2,-1.932444474E-2,1.322067318E-1
2.943770125E0,1.407048576E-1,-2.720709443E-3,2.492260555E-2,1.429209413E-1
2.953749125E0,1.380949894E-1,4.175496697E-2,7.171317637E-2,1.611101581E-1
2.963727125E0,1.269812597E-1,4.312672377E-2,7.434210280E-2,1.533326543E-1
2.973705125E0,6.517863879E-2,3.147439241E-2,8.230188092E-2,1.096015143E-1
2.983684125E0,3.940983150E-2,1.711889327E-2,7.538345536E-2,8.676898448E-2
2.993662125E0,1.821771299E-2,1.232476115E-2,9.342915058E-2,9.598328491E-2
3.003641125E0,1.249272242E-2,-1.299602151E-2,8.290065408E-2,8.483798168E-2
3.013619125E0,9.062142726E-3,-1.258437753E-2,2.694689333E-2,3.109057814E-2
3.023597125E0,1.867352173E-2,-1.263057053E-2,-2.505767623E-2,3.370636236E-2
3.033576125E0,2.417158552E-2,1.089336276E-3,-2.972433904E-2,3.832738618E-2
3.043554125E0,6.864059245E-2,-4.953761101E-3,-2.119266668E-2,7.200833148E-2
3.053533125E0,1.089126324E-1,-2.267550230E-2,5.901010036E-3,1.114044965E-1
3.063511125E0,1.578190000E-1,-1.539513409E-2,6.031110585E-2,1.696504536E-1
3.073489000E0,1.485039469E-1,-4.806995988E-3,5.379495045E-2,1.580203346E-1
3.083468000E0,1.031593742E-1,-2.099852085E-2,5.036791563E-3,1.053952733E-1
3.093446000E0,9.219544290E-2,-3.687546551E-2,-7.087000787E-2,1.219932689E-1
3.103425000E0,9.933218887E-2,-3.956810832E-2,-7.948003292E-2,1.332276044E-1
3.113403000E0,1.326122198E-1,-4.927799463E-2,-6.122151732E-2,1.541505620E-1
3.123381000E0,9.958502613E-2,-8.367014766E-2,-7.523086131E-2,1.502582894E-1
3.133360000E0,1.034844612E-1,-7.329309404E-2,-5.356519142E-2,1.376595114E-1
3.143338000E0,9.739071228E-2,-5.108770788E-2,-2.914601287E-2,1.137734363E-1
3.153317000E0,7.464650519E-2,-7.064839840E-2,-3.185502788E-2,1.076012999E-1
3.163295000E0,5.130602829E-2,-7.224585772E-2,-7.070453167E-2,1.133618247E-1
3.173273000E0,4.468506156E-2,-6.053037643E-2,-5.799851378E-2,9.499741469E-2
3.183252000E0,4.021998150E-2,-6.035437524E-2,-2.659372151E-2,7.724974788E-2
3.193230000E0,3.656735379E-2,-4.941481948E-2,-9.211118817E-3,6.215979776E-2
3.203209000E0,4.133986948E-2,-2.067633927E-2,3.581127226E-2,5.847172851E-2
3.213187000E0,5.941969782E-2,3.415943384E-3,4.994399250E-2,7.769666367E-2
3.223165000E0,5.229987223E-2,3.483478725E-2,8.824965041E-2,1.083362351E-1
3.233144000E0,5.816729732E-2,5.516847968E-2,1.074279513E-1,1.340438747E-1
3.243122000E0,3.030074660E-2,4.469026923E-2,-9.720060468E-2,1.111904356E-1
3.253101000E0,-4.165740984E-2,-4.553109884E-2,-3.794667542E-1,3.844521274E-1
3.263079000E0,-1.493991008E-2,-9.170597613E-2,-3.199064308E-1,3.331265697E-1
3.273057000E0,1.027089925E-1,-8.456652582E-2,-1.153112040E-1,1.760605242E-1
3.283036000E0,1.488298561E-1,-4.090536654E-2,2.168907702E-2,1.558652981E-1
3.293014000E0,9.333658185E-2,2.976232767E-4,2.293330421E-1,2.475993746E-1
3.302993000E0,-2.228485348E-2,1.143943423E-1,6.220601302E-1,6.328834694E-1
3.312971000E0,-1.960451906E-1,2.208429033E-1,8.636957324E-1,9.127845434E-1
3.322949000E0,-1.764589002E-1,2.805476528E-1,5.014250547E-1,6.010589109E-1